,specimen_id,feature,compartment_type,dimension,value
0,740135032,aligned_dist_from_pia,soma,none,464.4714913781957
1,606271263,aligned_dist_from_pia,soma,none,179.30141262972597
2,694146546,aligned_dist_from_pia,soma,none,345.9344892367901
3,740135032,depth_pc_0,axon,none,-598.8056012106813
4,740135032,depth_pc_1,axon,none,780.8953314147685
5,606271263,depth_pc_0,axon,none,1603.0093528384068
6,606271263,depth_pc_1,axon,none,-121.4221892650676
7,694146546,depth_pc_0,axon,none,-1004.2037516277256
8,694146546,depth_pc_1,axon,none,-659.4731421497002
9,740135032,emd_with_basal_dendrite,axon,none,51.114485743094185
10,606271263,emd_with_basal_dendrite,axon,none,18.926049349581355
11,694146546,emd_with_basal_dendrite,axon,none,48.15571961524632
12,740135032,frac_above_basal_dendrite,axon,none,0.557200825799103
13,740135032,frac_intersect_basal_dendrite,axon,none,0.442799174200897
14,740135032,frac_below_basal_dendrite,axon,none,0.0
15,606271263,frac_above_basal_dendrite,axon,none,0.0
16,606271263,frac_intersect_basal_dendrite,axon,none,0.7711232103246622
17,606271263,frac_below_basal_dendrite,axon,none,0.2288767896753377
18,694146546,frac_above_basal_dendrite,axon,none,0.0
19,694146546,frac_intersect_basal_dendrite,axon,none,0.968284789644013
20,694146546,frac_below_basal_dendrite,axon,none,0.031715210355987
21,740135032,frac_above_axon,basal_dendrite,none,0.0
22,740135032,frac_intersect_axon,basal_dendrite,none,0.9420911528150134
23,740135032,frac_below_axon,basal_dendrite,none,0.0579088471849865
24,606271263,frac_above_axon,basal_dendrite,none,0.3848268279274326
25,606271263,frac_intersect_axon,basal_dendrite,none,0.6151731720725674
26,606271263,frac_below_axon,basal_dendrite,none,0.0
27,694146546,frac_above_axon,basal_dendrite,none,0.4795524691358024
28,694146546,frac_intersect_axon,basal_dendrite,none,0.5204475308641975
29,694146546,frac_below_axon,basal_dendrite,none,0.0
30,740135032,extent,axon,x,424.4629900629744
31,740135032,extent,axon,y,587.2419117540196
32,740135032,bias,axon,x,5.169444355631811
33,740135032,bias,axon,y,297.6111166818944
34,740135032,extent,basal_dendrite,x,259.0984945349686
35,740135032,extent,basal_dendrite,y,360.15791867251323
36,740135032,bias,basal_dendrite,x,105.9123765215528
37,740135032,bias,basal_dendrite,y,-5.017693772805842
38,740135032,num_branches,axon,none,475.0
39,740135032,num_branches,basal_dendrite,none,44.0
40,740135032,max_branch_order,axon,none,24.0
41,740135032,max_branch_order,basal_dendrite,none,9.0
42,740135032,total_length,axon,none,17053.86846302751
43,740135032,total_length,basal_dendrite,none,2204.244429816128
44,740135032,total_surface_area,basal_dendrite,none,3338.8595673807986
45,740135032,mean_diameter,basal_dendrite,none,0.4823025201072386
46,740135032,max_euclidean_distance,axon,none,465.7975422331148
47,740135032,max_euclidean_distance,basal_dendrite,none,196.6200075357029
48,740135032,max_path_distance,axon,none,712.7996048944084
49,740135032,max_path_distance,basal_dendrite,none,228.6181419435221
50,740135032,mean_contraction,axon,none,0.8629205591762148
51,740135032,mean_contraction,basal_dendrite,none,0.8927636513643621
52,740135032,soma_percentile,axon,x,0.3885527158823948
53,740135032,soma_percentile,axon,y,0.1986189221897914
54,740135032,soma_percentile,basal_dendrite,x,0.3179624664879356
55,740135032,soma_percentile,basal_dendrite,y,0.8273458445040215
56,740135032,calculate_number_of_stems,basal_dendrite,none,4.0
57,740135032,surface_area,soma,none,201.46425475133609
58,740135032,stem_exit,basal_dendrite,down,0.0
59,740135032,stem_exit,basal_dendrite,side,1.0
60,740135032,stem_exit,basal_dendrite,up,0.0
61,740135032,exit_theta,axon,none,0.5210092861882935
62,740135032,exit_distance,axon,none,20.438908268544992
63,606271263,extent,axon,x,400.4118094004192
64,606271263,extent,axon,y,262.2553175261422
65,606271263,bias,axon,x,56.22872989248452
66,606271263,bias,axon,y,-121.2103061622121
67,606271263,extent,basal_dendrite,x,292.8979665049092
68,606271263,extent,basal_dendrite,y,227.9213594244781
69,606271263,bias,basal_dendrite,x,0.1618829328459696
70,606271263,bias,basal_dendrite,y,107.3874873605935
71,606271263,num_branches,axon,none,665.0
72,606271263,num_branches,basal_dendrite,none,35.0
73,606271263,max_branch_order,axon,none,25.0
74,606271263,max_branch_order,basal_dendrite,none,5.0
75,606271263,total_length,axon,none,16935.227964908227
76,606271263,total_length,basal_dendrite,none,2057.344684556989
77,606271263,total_surface_area,basal_dendrite,none,3746.221348808403
78,606271263,mean_diameter,basal_dendrite,none,0.5797508521165475
79,606271263,max_euclidean_distance,axon,none,240.6846227360817
80,606271263,max_euclidean_distance,basal_dendrite,none,221.48224685084813
81,606271263,max_path_distance,axon,none,902.0221232091972
82,606271263,max_path_distance,basal_dendrite,none,261.57785404864563
83,606271263,mean_contraction,axon,none,0.8194136640160532
84,606271263,mean_contraction,basal_dendrite,none,0.8777370205959968
85,606271263,soma_percentile,axon,x,0.4889426631713383
86,606271263,soma_percentile,axon,y,0.7447065940713854
87,606271263,soma_percentile,basal_dendrite,x,0.4870808136338647
88,606271263,soma_percentile,basal_dendrite,y,0.1423859263331501
89,606271263,calculate_number_of_stems,basal_dendrite,none,7.0
90,606271263,surface_area,soma,none,334.48341751636667
91,606271263,stem_exit,basal_dendrite,down,0.4285714285714285
92,606271263,stem_exit,basal_dendrite,side,0.5714285714285714
93,606271263,stem_exit,basal_dendrite,up,0.0
94,606271263,exit_theta,axon,none,0.6246170133542251
95,606271263,exit_distance,axon,none,0.0
96,694146546,extent,axon,x,456.4507565320748
97,694146546,extent,axon,y,329.4824306809105
98,694146546,bias,axon,x,20.979837762279885
99,694146546,bias,axon,y,-337.62296125250555
100,694146546,extent,basal_dendrite,x,158.97060160570243
101,694146546,extent,basal_dendrite,y,640.1652005614803
102,694146546,bias,basal_dendrite,x,4.519987715724085
103,694146546,bias,basal_dendrite,y,45.38310515181024
104,694146546,num_branches,axon,none,117.0
105,694146546,num_branches,basal_dendrite,none,69.0
106,694146546,max_branch_order,axon,none,14.0
107,694146546,max_branch_order,basal_dendrite,none,9.0
108,694146546,total_length,axon,none,3856.927925804772
109,694146546,total_length,basal_dendrite,none,3185.736311407383
110,694146546,total_surface_area,basal_dendrite,none,5983.0167307564
111,694146546,mean_diameter,basal_dendrite,none,0.6016030092592592
112,694146546,max_euclidean_distance,axon,none,369.0094227941884
113,694146546,max_euclidean_distance,basal_dendrite,none,353.0402965262322
114,694146546,max_path_distance,axon,none,537.3808743109979
115,694146546,max_path_distance,basal_dendrite,none,434.5470290069107
116,694146546,mean_contraction,axon,none,0.8804317016691116
117,694146546,mean_contraction,basal_dendrite,none,0.896216086452986
118,694146546,soma_percentile,axon,x,0.3268608414239482
119,694146546,soma_percentile,axon,y,1.0
120,694146546,soma_percentile,basal_dendrite,x,0.1689814814814815
121,694146546,soma_percentile,basal_dendrite,y,0.5262345679012346
122,694146546,calculate_number_of_stems,basal_dendrite,none,3.0
123,694146546,surface_area,soma,none,240.61616017724623
124,694146546,stem_exit,basal_dendrite,down,0.3333333333333333
125,694146546,stem_exit,basal_dendrite,side,0.0
126,694146546,stem_exit,basal_dendrite,up,0.6666666666666666
127,694146546,exit_theta,axon,none,0.8624144236833117
128,694146546,exit_distance,axon,none,8.953753130391712
